{
    "1hdd2ssd": {
        "t16b4M": {
            "write_bw": 43.41,
            "write_lat": 1.474,
            "seq_bw": 203.28,
            "seq_lat": 0.3128,
            "rand_bw": 299.99,
            "rand_lat": 0.2119
        },
        "t16b4K": {
            "write_bw": 4.92,
            "write_lat": 0.012,
            "seq_bw": 17.50,
            "seq_lat": 0.0035,
            "rand_bw": 38.45,
            "rand_lat": 0.0016
        }
    },
    "1hdd2ssdaff": {
        "t16b4M": {
            "write_bw": 42.72,
            "write_lat": 1.498,
            "seq_bw": 372.87,
            "seq_lat": 0.165,
            "rand_bw": 413.84,
            "rand_lat": 0.1525
        },
        "t16b4K": {
            "write_bw": 5.605,
            "write_lat": 0.011,
            "seq_bw": 33.435,
            "seq_lat": 0.0019,
            "rand_bw": 42.39,
            "rand_lat": 0.0014
        }
    },
    "3hdd": {
        "t16b4M": {
            "write_bw": 43.97,
            "write_lat": 1.4533,
            "seq_bw": 300.12,
            "seq_lat": 0.20,
            "rand_bw": 272.99,
            "rand_lat": 0.23
        },
        "t16b4K": {
            "write_bw": 5.99,
            "write_lat": 0.0104,
            "seq_bw": 12.0576,
            "seq_lat": 0.00517,
            "rand_bw": 7.3565,
            "rand_lat": 0.00848
        }
    },
    "3ssd": {
        "t16b4M": {
            "write_bw": 42.84,
            "write_lat": 1.4923,
            "seq_bw": 494.48,
            "seq_lat": 0.1225,
            "rand_bw": 629.244,
            "rand_lat": 0.099
        },
        "t16b4K": {
            "write_bw": 5.77,
            "write_lat": 0.010,
            "seq_bw": 29.0539,
            "seq_lat": 0.0021,
            "rand_bw": 39.0788,
            "rand_lat": 0.0015
        }
    }
}
